"last_name, first_name",player_id,team_name_alt,pitch_type,pitch_name,run_value_per_100,run_value,pitches,pitch_usage,pa,ba,slg,woba,whiff_percent,k_percent,put_away,est_ba,est_slg,est_woba,hard_hit_percent
"Gausman, Kevin",592332,TOR,FF,4-Seam Fastball,1.3,20,1628,53.7,437,0.23,0.38,0.306,16.9,19,17.7,0.263,0.456,0.342,46.6
"Parker, Mitchell",680730,WSH,FF,4-Seam Fastball,-0.4,-6,1501,55.5,417,0.269,0.447,0.358,10.7,8.9,10.1,0.31,0.512,0.39,54.2
"Ray, Robbie",592662,SF,FF,4-Seam Fastball,0.6,9,1595,52,415,0.208,0.357,0.3,23.5,26,20.6,0.211,0.374,0.3,44.6
"Soriano, José",667755,LAA,SI,Sinker,0.1,2,1368,49.1,412,0.29,0.38,0.357,16.1,7.8,13.3,0.289,0.41,0.354,54.7
"Nelson, Ryne",669194,AZ,FF,4-Seam Fastball,1.5,23,1526,61.9,405,0.207,0.36,0.281,19.1,22.7,17.4,0.245,0.403,0.311,45.4
"Peralta, Freddy",642547,MIL,FF,4-Seam Fastball,0.6,9,1651,53.5,395,0.209,0.381,0.314,22.8,23.5,17.6,0.241,0.455,0.349,41.8
"Sánchez, Cristopher",650911,PHI,SI,Sinker,1.4,19,1332,46,375,0.269,0.342,0.313,14.5,14.9,23.1,0.261,0.398,0.318,50.5
"Valdez, Framber",664285,HOU,SI,Sinker,1.1,14,1272,44,362,0.285,0.39,0.336,12.5,7.2,17.2,0.31,0.45,0.36,50.5
"Ryan, Joe",657746,MIN,FF,4-Seam Fastball,1.3,18,1430,51.2,361,0.204,0.385,0.283,26.9,30.2,23.3,0.197,0.394,0.278,44.1
"Gallen, Zac",668678,AZ,FF,4-Seam Fastball,0.3,5,1412,45.1,352,0.244,0.413,0.323,13,17.9,16.3,0.265,0.483,0.351,52
"Senzatela, Antonio",622608,COL,FF,4-Seam Fastball,-1.7,-21,1217,53.3,350,0.365,0.542,0.441,12.4,8.9,10.6,0.332,0.518,0.411,48.7
"Pallante, Andre",669467,STL,FF,4-Seam Fastball,-0.6,-7,1198,44,347,0.312,0.514,0.403,14.4,9.2,13,0.301,0.481,0.369,46.1
"Castillo, Luis",622491,SEA,FF,4-Seam Fastball,0.9,12,1386,46.4,343,0.2,0.406,0.292,26.5,26.5,17.6,0.195,0.393,0.283,49.3
"Pivetta, Nick",601713,SD,FF,4-Seam Fastball,1.3,17,1312,46,342,0.195,0.349,0.276,24.1,28.7,24.2,0.227,0.443,0.329,54.9
"Abbott, Andrew",671096,CIN,FF,4-Seam Fastball,1.2,15,1263,47.2,330,0.232,0.365,0.302,19.9,23,18.5,0.227,0.379,0.303,40.7
"Flaherty, Jack",656427,DET,FF,4-Seam Fastball,0.2,3,1327,46.9,323,0.264,0.444,0.348,17,22.9,19.2,0.268,0.472,0.353,47.7
"Bassitt, Chris",605135,TOR,SI,Sinker,0.2,2,1179,41.7,322,0.297,0.431,0.371,14.4,14.6,18.7,0.295,0.447,0.357,44.4
"Boyd, Matthew",571510,CHC,FF,4-Seam Fastball,0.8,10,1276,46.5,319,0.247,0.402,0.299,15.7,16.9,14.8,0.271,0.458,0.333,45.7
"Sánchez, Cristopher",650911,PHI,CH,Changeup,1.7,18,1083,37.4,318,0.17,0.243,0.207,45.1,40.9,29.8,0.183,0.232,0.202,25.7
"Holmes, Clay",605280,NYM,SI,Sinker,0.9,10,1133,41,316,0.285,0.388,0.361,16.5,11.1,19.7,0.275,0.399,0.36,51.5
"Rodriguez, Eduardo",593958,AZ,FF,4-Seam Fastball,-0.5,-6,1177,45.5,311,0.285,0.489,0.371,22.9,26.7,24.1,0.259,0.455,0.345,44.8
"deGrom, Jacob",594798,TEX,FF,4-Seam Fastball,1.7,21,1203,46,310,0.189,0.393,0.275,21.5,24.5,20.5,0.221,0.414,0.299,43.9
"Cease, Dylan",656302,SD,FF,4-Seam Fastball,-0.1,-1,1252,41.1,309,0.24,0.42,0.341,25.5,23.3,18.5,0.219,0.385,0.318,39.2
"Gore, MacKenzie",669022,WSH,FF,4-Seam Fastball,0,0,1388,49.3,309,0.294,0.483,0.371,20.7,16.5,15.6,0.292,0.495,0.376,47.8
"Cease, Dylan",656302,SD,SL,Slider,0.3,4,1248,41,309,0.228,0.374,0.303,42.8,37.5,23,0.202,0.315,0.262,35.3
"Giolito, Lucas",608337,BOS,FF,4-Seam Fastball,0.4,5,1145,48.4,303,0.267,0.389,0.343,16,15.2,16.8,0.302,0.509,0.387,48.6
"Skenes, Paul",694973,PIT,FF,4-Seam Fastball,1.8,22,1187,39.6,299,0.204,0.331,0.27,29,34.8,26.3,0.198,0.345,0.268,51.7
"Hendricks, Kyle",543294,LAA,CH,Changeup,0.6,6,987,38.4,299,0.223,0.364,0.268,25.3,17.7,14.5,0.229,0.36,0.27,26.4
"Woo, Bryan",693433,SEA,FF,4-Seam Fastball,1.7,21,1283,47.3,299,0.153,0.332,0.241,28.8,31.8,22.2,0.18,0.347,0.258,37.4
"Rodón, Carlos",607074,NYY,FF,4-Seam Fastball,0.5,7,1344,41.8,299,0.224,0.429,0.342,21.4,18.7,17.4,0.231,0.425,0.339,42.5
"Webb, Logan",657277,SF,SI,Sinker,0.7,8,1102,33.6,297,0.295,0.439,0.348,12.8,15.5,21.9,0.277,0.419,0.327,45.9
"Singer, Brady",663903,CIN,SI,Sinker,-0.5,-6,1158,40.6,297,0.269,0.469,0.37,17,23.9,21.2,0.257,0.432,0.356,49.4
"Gausman, Kevin",592332,TOR,FS,Split-Finger,0.8,9,1138,37.6,296,0.181,0.294,0.232,38.6,34.5,21.5,0.193,0.286,0.225,29.7
"Kikuchi, Yusei",579328,LAA,SL,Slider,0.4,4,1121,36.2,295,0.254,0.443,0.366,25,20,20,0.267,0.467,0.378,44.4
"Pepiot, Ryan",686752,TB,FF,4-Seam Fastball,-0.2,-2,1216,45.1,292,0.233,0.446,0.361,25.2,25,19.3,0.215,0.378,0.331,46.5
"Warren, Will",701542,NYY,FF,4-Seam Fastball,1,11,1165,41.6,291,0.216,0.384,0.31,23.2,24.7,21.9,0.236,0.428,0.337,45.9
"Strider, Spencer",675911,ATL,FF,4-Seam Fastball,-0.6,-6,1081,51.2,290,0.294,0.472,0.374,15.3,13.8,18.1,0.303,0.52,0.39,43.3
"Smith, Shane",681343,CWS,FF,4-Seam Fastball,1.7,19,1108,45.8,288,0.198,0.31,0.281,25.2,26,23.8,0.204,0.343,0.289,40.2
"Rea, Colin",607067,CHC,FF,4-Seam Fastball,0.1,1,1066,42.1,288,0.282,0.475,0.36,17,17,17.6,0.277,0.475,0.351,48.6
"Paddack, Chris",663978,DET,FF,4-Seam Fastball,0.3,3,1134,44.2,285,0.266,0.432,0.326,18.2,17.5,13.1,0.274,0.47,0.339,47.4
"Priester, Quinn",682990,MIL,SI,Sinker,0.6,6,1029,41.7,284,0.269,0.375,0.334,13.6,13.4,18.5,0.274,0.377,0.324,41.5
"Bradley, Taj",671737,MIN,FF,4-Seam Fastball,-0.7,-7,1056,46.5,283,0.297,0.506,0.404,17.8,12.4,14.7,0.286,0.462,0.376,45.1
"deGrom, Jacob",594798,TEX,SL,Slider,1.2,12,983,37.6,281,0.201,0.326,0.254,39,30.6,25.9,0.228,0.35,0.273,38.9
"Verlander, Justin",434378,SF,FF,4-Seam Fastball,-0.1,-1,1182,45.3,280,0.279,0.48,0.375,18.8,15,13.4,0.297,0.522,0.384,41.5
"Bello, Brayan",678394,BOS,SI,Sinker,0.8,7,943,35,280,0.251,0.305,0.337,10.8,14.3,19.1,0.27,0.355,0.332,39.8
"Springs, Jeffrey",605488,ATH,FF,4-Seam Fastball,-0.6,-7,1215,42.7,275,0.265,0.457,0.34,15.4,17.8,14.2,0.272,0.473,0.354,44.5
"Morton, Charlie",450203,ATL,CU,Curveball,-0.1,-1,976,38.3,275,0.228,0.386,0.318,37.9,32.4,23.2,0.21,0.348,0.292,35.1
"Hendricks, Kyle",543294,LAA,SI,Sinker,-0.9,-9,981,38.2,274,0.304,0.488,0.384,9.7,12,14.3,0.275,0.422,0.332,40.2
"Elder, Bryce",693821,ATL,SI,Sinker,-0.7,-7,1058,42.1,272,0.28,0.477,0.365,15.2,18,22.2,0.257,0.45,0.341,49.2
"Valdez, Framber",664285,HOU,CU,Curveball,-0.2,-2,957,33.1,271,0.193,0.298,0.273,43.7,44.6,29.9,0.165,0.236,0.235,39
"Kochanowicz, Jack",686799,LAA,SI,Sinker,-1,-9,873,47,270,0.328,0.457,0.384,14.6,8.5,13.3,0.298,0.426,0.363,53.7
"Burke, Sean",680732,CWS,FF,4-Seam Fastball,-0.2,-2,1018,42.8,267,0.237,0.382,0.336,24.5,28.5,21.3,0.209,0.378,0.311,42.2
"Skubal, Tarik",669373,DET,CH,Changeup,2.8,25,895,31.4,265,0.154,0.227,0.176,46.8,41.5,29.5,0.168,0.251,0.188,27.8
"Imanaga, Shota",684007,CHC,FF,4-Seam Fastball,-0.9,-10,1059,48.7,262,0.227,0.567,0.356,15.9,12.2,11.3,0.254,0.583,0.375,51.2
"Crochet, Garrett",676979,BOS,FF,4-Seam Fastball,-0.7,-8,1141,36.2,261,0.26,0.485,0.361,30.2,37.9,25.8,0.208,0.414,0.306,50.7
"Baz, Shane",669358,TB,FF,4-Seam Fastball,0.4,5,1194,43.9,261,0.244,0.406,0.35,23.5,23.8,20.6,0.238,0.383,0.337,42.9
"Leiter, Jack",683004,TEX,FF,4-Seam Fastball,0.7,7,991,38.4,259,0.211,0.33,0.307,21.8,24.7,17.9,0.228,0.407,0.336,47.4
"Keller, Mitch",656605,PIT,FF,4-Seam Fastball,0.2,2,1061,37,258,0.26,0.41,0.337,17.3,19,17.9,0.286,0.443,0.359,41
"Sears, JP",676664,SD,FF,4-Seam Fastball,-1.1,-10,961,40.6,258,0.283,0.524,0.381,20.4,22.1,16.2,0.26,0.487,0.351,45.8
"Elder, Bryce",693821,ATL,SL,Slider,0.1,1,883,35.1,257,0.259,0.427,0.326,31.8,21.8,20.1,0.264,0.41,0.315,40.2
"Sale, Chris",519242,ATL,SL,Slider,2.4,23,960,47.3,257,0.143,0.218,0.191,39.8,44,28.3,0.148,0.219,0.193,25.2
"Houser, Adrian",605288,TB,SI,Sinker,0.7,6,869,45.9,256,0.293,0.427,0.35,10.6,12.1,17.4,0.277,0.407,0.333,52.7
"Falter, Bailey",663559,KC,FF,4-Seam Fastball,0.1,1,916,47,251,0.259,0.432,0.341,16.5,15.5,14.8,0.264,0.429,0.337,47
"Luzardo, Jesús",666200,PHI,FF,4-Seam Fastball,-0.4,-4,1027,34.1,251,0.276,0.462,0.36,19.4,21.1,17.3,0.269,0.467,0.354,45.3
"Rodón, Carlos",607074,NYY,SL,Slider,1.3,12,913,28.4,250,0.133,0.231,0.219,40.3,39.2,23.9,0.158,0.244,0.224,35.7
"Irvin, Jake",663623,WSH,FF,4-Seam Fastball,-1.5,-14,947,32.2,248,0.257,0.495,0.369,17.8,16.5,13.2,0.294,0.573,0.404,56.2
"Williams, Gavin",668909,CLE,FF,4-Seam Fastball,-0.8,-8,1094,37.4,247,0.268,0.498,0.383,23.3,18.6,14.5,0.275,0.508,0.382,50.9
"Fried, Max",608331,NYY,FC,Cutter,1.3,12,872,28,247,0.236,0.355,0.31,18.6,13.8,15.8,0.266,0.375,0.319,33.5
"Quintana, Jose",500779,MIL,SI,Sinker,-0.3,-3,956,44,246,0.264,0.458,0.372,12.1,17.1,16.9,0.278,0.467,0.369,51.5
"Greene, Hunter",668881,CIN,FF,4-Seam Fastball,2.2,20,947,54.2,245,0.199,0.332,0.263,23,30.2,21.1,0.208,0.372,0.279,50.3
"Freeland, Kyle",607536,COL,FF,4-Seam Fastball,-1.3,-11,830,33.5,245,0.339,0.589,0.418,11.6,10.6,12.8,0.325,0.571,0.4,49.5
"Baz, Shane",669358,TB,CU,Curveball,0,0,731,26.9,244,0.214,0.321,0.276,29.5,35.2,26.8,0.197,0.301,0.249,43.6
"Horton, Cade",690990,CHC,FF,4-Seam Fastball,0.8,7,897,50.2,242,0.263,0.373,0.318,14.7,15.7,19.6,0.289,0.49,0.364,51.4
"Corbin, Patrick",571578,TEX,SI,Sinker,0,0,731,28.2,241,0.27,0.427,0.339,12.1,19.1,19,0.291,0.48,0.373,52.1
"Berríos, José",621244,TOR,SI,Sinker,0.3,3,849,32.9,240,0.252,0.431,0.328,9.6,15,21.6,0.292,0.518,0.377,52.5
"Anderson, Tyler",542881,LAA,FF,4-Seam Fastball,-0.6,-5,892,38.1,239,0.259,0.491,0.373,15.5,12.6,11.7,0.269,0.547,0.383,43.7
"Lord, Brad",695418,WSH,FF,4-Seam Fastball,-0.3,-3,1032,48.5,239,0.273,0.463,0.37,24.2,25.5,17.9,0.268,0.425,0.348,43.5
"Webb, Logan",657277,SF,CH,Changeup,1.3,10,792,24.1,238,0.207,0.308,0.253,31.8,34,24.5,0.228,0.319,0.257,44.5
"Brown, Ben",676962,CHC,FF,4-Seam Fastball,-1.2,-11,978,55.6,237,0.315,0.526,0.406,14.8,14.3,16.6,0.297,0.556,0.394,51.1
"Singer, Brady",663903,CIN,SL,Slider,0.8,7,859,30.1,237,0.192,0.329,0.258,28.6,23.2,17.1,0.227,0.363,0.28,34.7
"Heaney, Andrew",571760,LAD,FF,4-Seam Fastball,-1.2,-11,907,43.6,233,0.275,0.545,0.393,17.4,16.3,13.1,0.29,0.528,0.393,53
"Springs, Jeffrey",605488,ATH,CH,Changeup,-0.3,-2,720,25.3,232,0.218,0.38,0.298,41.3,25.4,18.9,0.22,0.338,0.262,23.6
"Kikuchi, Yusei",579328,LAA,FF,4-Seam Fastball,-1.2,-13,1081,34.9,231,0.31,0.498,0.38,21.2,24.2,16,0.28,0.465,0.344,50.3
"Márquez, Germán",608566,COL,FF,4-Seam Fastball,-3.3,-24,737,35.3,231,0.358,0.642,0.464,9,9.5,11.2,0.32,0.595,0.426,53.4
"Skubal, Tarik",669373,DET,FF,4-Seam Fastball,1.4,12,841,29.5,230,0.193,0.319,0.262,28.5,32.6,21.3,0.208,0.392,0.296,35.3
"Kelly, Merrill",518876,TEX,CH,Changeup,0.7,5,752,26.5,230,0.203,0.34,0.281,33.4,27.4,23,0.231,0.357,0.286,36
"Crochet, Garrett",676979,BOS,FC,Cutter,1.1,10,875,27.8,230,0.25,0.389,0.305,24.2,17.4,21.5,0.25,0.382,0.297,36
"Ferrer, Jose A.",678606,WSH,SI,Sinker,0.3,2,853,70.6,229,0.309,0.42,0.35,15.2,13.1,14.9,0.284,0.397,0.324,44.8
"Woo, Bryan",693433,SEA,SI,Sinker,1.2,8,694,25.6,229,0.258,0.369,0.304,10.8,14.8,22.5,0.274,0.4,0.308,48.6
"Brown, Hunter",686613,HOU,FF,4-Seam Fastball,1.5,17,1125,38,228,0.182,0.261,0.249,28.8,36.4,22.8,0.188,0.296,0.258,40.5
"Ober, Bailey",641927,MIN,FF,4-Seam Fastball,0,0,840,35.7,228,0.277,0.49,0.35,18.2,14.5,14.5,0.274,0.533,0.363,46.1
"Rogers, Tyler",643511,NYM,SI,Sinker,2.5,18,729,74.5,225,0.247,0.302,0.254,12.4,10.2,13.7,0.267,0.324,0.275,36.1
"Littell, Zack",641793,CIN,FS,Split-Finger,-0.6,-5,762,27.3,225,0.248,0.392,0.29,24.5,19.6,15,0.241,0.369,0.267,35.4
"Woods Richardson, Simeon",680573,MIN,FF,4-Seam Fastball,0.2,2,856,45.6,225,0.25,0.394,0.345,21.8,22.2,21.5,0.224,0.424,0.338,46.8
"Kahnle, Tommy",592454,DET,CH,Changeup,0.4,4,886,85.6,225,0.217,0.374,0.301,26.4,18.2,18.5,0.249,0.411,0.323,37
"Hill, Tim",657612,NYY,SI,Sinker,0.7,5,737,82,224,0.251,0.365,0.307,14.6,10.7,14.9,0.256,0.371,0.295,47.1
"May, Dustin",669160,BOS,SI,Sinker,-1,-7,728,33.6,222,0.294,0.567,0.422,10.5,9.9,21.4,0.334,0.599,0.438,55
"Brown, Ben",676962,CHC,CU,Curveball,-0.5,-3,701,39.9,220,0.252,0.413,0.305,43.1,37.7,27.4,0.218,0.33,0.26,41.6
"Ginn, J.T.",669372,ATH,SI,Sinker,0.6,5,800,50.8,220,0.245,0.401,0.335,21.5,23.6,23.4,0.228,0.351,0.305,47.1
"Peterson, David",656849,NYM,SI,Sinker,0.7,6,788,29.2,219,0.308,0.384,0.36,10.7,6.8,14.7,0.291,0.384,0.35,47.7
"Pérez, Eury",691587,MIA,FF,4-Seam Fastball,1.2,10,862,51.5,218,0.201,0.387,0.299,21.3,22.5,16.3,0.225,0.417,0.316,52.7
"Pfaadt, Brandon",694297,AZ,SI,Sinker,0.5,3,682,23.4,217,0.296,0.442,0.343,10.7,17.5,21.8,0.316,0.446,0.345,58
"Gray, Sonny",543243,STL,ST,Sweeper,1.4,7,524,19.3,217,0.15,0.239,0.182,42.3,51.2,28.1,0.156,0.252,0.182,36.9
"Fedde, Erick",607200,MIL,SI,Sinker,-0.4,-4,809,34.1,216,0.304,0.446,0.388,9.8,11.6,13.6,0.31,0.455,0.38,48.4
"Imanaga, Shota",684007,CHC,FS,Split-Finger,0.8,6,683,31.4,216,0.226,0.368,0.271,32.4,25.5,20.1,0.219,0.378,0.263,36.3
"Alcantara, Sandy",645261,MIA,SI,Sinker,1.6,12,737,25.5,216,0.275,0.397,0.337,12.1,6.5,11.2,0.303,0.451,0.362,49.2
"Wacha, Michael",608379,KC,CH,Changeup,2.6,18,677,25.4,216,0.172,0.232,0.218,26.6,20.4,15.8,0.211,0.318,0.263,25.8
"Kershaw, Clayton",477132,LAD,SL,Slider,1,7,730,41.2,216,0.26,0.391,0.326,27.2,18.1,18,0.258,0.397,0.32,47.1
"Rasmussen, Drew",656876,TB,FF,4-Seam Fastball,1.4,11,820,35.4,214,0.235,0.357,0.297,23.3,24.8,19.5,0.231,0.359,0.29,44.1
"Cecconi, Slade",677944,CLE,FF,4-Seam Fastball,0,0,899,43.6,214,0.289,0.497,0.362,18.4,17.3,15.9,0.313,0.55,0.389,59.3
"Anderson, Tyler",542881,LAA,CH,Changeup,0,0,795,34,213,0.22,0.387,0.302,38.5,26.3,20.1,0.224,0.388,0.302,26.3
"Littell, Zack",641793,CIN,SL,Slider,-0.6,-4,768,27.5,212,0.29,0.549,0.383,19,11.3,17.6,0.307,0.574,0.399,46.8
"Irvin, Jake",663623,WSH,CU,Curveball,-1.2,-11,872,29.6,212,0.269,0.543,0.391,25.2,22.6,17.6,0.259,0.485,0.343,41.6
"Wheeler, Zack",554430,PHI,FF,4-Seam Fastball,1.1,11,981,41,212,0.205,0.4,0.295,30.5,33.5,25.4,0.193,0.348,0.271,40.5
"Dollander, Chase",801403,COL,FF,4-Seam Fastball,-1.4,-12,867,48.8,211,0.294,0.553,0.43,19.9,17.5,14.9,0.256,0.497,0.388,46.3
"Pepiot, Ryan",686752,TB,CH,Changeup,0.6,4,675,25,209,0.2,0.345,0.256,30.1,30.6,20.6,0.217,0.345,0.258,39.1
"Luzardo, Jesús",666200,PHI,ST,Sweeper,1.6,15,933,31,209,0.178,0.264,0.225,43.7,45.5,29.3,0.161,0.226,0.197,26.5
"Yamamoto, Yoshinobu",808967,LAD,FS,Split-Finger,1.3,9,708,25.4,208,0.136,0.242,0.191,42.1,43.3,25.9,0.146,0.229,0.187,41.7
"May, Dustin",669160,BOS,ST,Sweeper,0.3,3,853,39.3,208,0.239,0.335,0.274,27,32.7,23.2,0.214,0.321,0.255,34.4
"Patrick, Chad",694477,MIL,FC,Cutter,0.4,3,829,41.2,207,0.259,0.443,0.332,27.2,25.6,21.3,0.247,0.429,0.322,39.7
"Boyd, Matthew",571510,CHC,CH,Changeup,1.4,9,650,23.7,206,0.205,0.337,0.281,32.3,22.3,19.9,0.201,0.343,0.266,31
"Allen, Logan",671106,CLE,FF,4-Seam Fastball,-0.5,-4,910,33.6,205,0.282,0.469,0.375,21.7,18,15.3,0.257,0.42,0.344,43.7
"Mize, Casey",663554,DET,FF,4-Seam Fastball,-0.1,-1,801,34,204,0.253,0.418,0.325,21,21.1,18.5,0.245,0.442,0.329,53.2
"Yamamoto, Yoshinobu",808967,LAD,FF,4-Seam Fastball,1.7,17,994,35.6,203,0.194,0.28,0.274,19.1,27.1,22.5,0.21,0.32,0.288,50
"Lauer, Eric",641778,TOR,FF,4-Seam Fastball,1.1,9,782,46.5,202,0.194,0.366,0.263,20.6,24.8,18.2,0.219,0.388,0.282,41.8
"Castillo, Luis",622491,SEA,SI,Sinker,-0.1,-1,653,21.9,202,0.31,0.44,0.357,10.7,8.9,13.7,0.316,0.454,0.367,50.9
"Pallante, Andre",669467,STL,SL,Slider,0.4,3,778,28.6,201,0.206,0.337,0.291,33.8,21.4,16.3,0.231,0.34,0.298,38.1
"Smith, Cade",671922,CLE,FF,4-Seam Fastball,1.9,16,826,69.9,201,0.17,0.302,0.247,32.2,37.3,32.2,0.179,0.28,0.24,37.6
"Santillan, Tony",663574,CIN,FF,4-Seam Fastball,1.1,9,799,65,200,0.182,0.318,0.285,21.9,22.5,17.2,0.263,0.429,0.344,49.6
"Holmes, Grant",656550,ATL,SL,Slider,1.3,9,698,35.5,198,0.188,0.271,0.233,42.2,33.8,25.6,0.201,0.328,0.259,42.7
"Webb, Logan",657277,SF,ST,Sweeper,-0.2,-2,873,26.6,198,0.286,0.401,0.337,29,25.8,20.9,0.26,0.432,0.319,32.1
"Liberatore, Matthew",669461,STL,FF,4-Seam Fastball,-0.7,-5,707,29.6,197,0.306,0.536,0.386,12.1,13.7,14.4,0.304,0.547,0.378,45.3
"Wentz, Joey",666214,ATL,FF,4-Seam Fastball,-0.6,-4,800,44.1,196,0.282,0.436,0.373,17.9,16.3,14.1,0.285,0.47,0.387,49.3
"Sale, Chris",519242,ATL,FF,4-Seam Fastball,-0.5,-4,852,41.9,195,0.32,0.503,0.395,21.3,23.1,20.3,0.278,0.43,0.351,45.2
"Ober, Bailey",641927,MIN,CH,Changeup,0.5,4,681,28.9,195,0.216,0.351,0.263,29.5,26.2,17.3,0.206,0.328,0.249,24.4
"Severino, Luis",622663,ATH,SI,Sinker,0.1,1,568,20.8,194,0.259,0.4,0.345,9.5,11.9,15.6,0.269,0.383,0.331,40.5
"Roupp, Landen",694738,SF,SI,Sinker,-0.7,-6,738,39.9,194,0.355,0.479,0.416,10.5,13.4,20.2,0.31,0.453,0.37,45.5
"Irvin, Jake",663623,WSH,SI,Sinker,0.5,3,646,21.9,193,0.295,0.398,0.358,9.9,10.4,17.1,0.283,0.451,0.348,41
"Vargas, Carlos",672841,SEA,SI,Sinker,0.8,6,694,63.4,193,0.282,0.351,0.342,15.4,11.4,21.4,0.267,0.361,0.312,37.9
"Gallen, Zac",668678,AZ,CU,Curveball,-0.6,-4,736,23.5,193,0.219,0.438,0.325,38.9,40.4,27.1,0.191,0.331,0.261,44.6
"Strider, Spencer",675911,ATL,SL,Slider,-0.4,-3,744,35.3,192,0.225,0.428,0.314,48.3,38.5,28,0.206,0.356,0.281,48
"Kinley, Tyler",641755,ATL,SL,Slider,1.5,12,788,64.3,192,0.194,0.297,0.257,33.3,21.9,19.4,0.225,0.365,0.287,25.9
"Suárez, Ranger",624133,PHI,SI,Sinker,0.3,2,695,28.6,192,0.31,0.402,0.345,7.4,18.2,21.1,0.265,0.373,0.314,44.3
"Corbin, Patrick",571578,TEX,SL,Slider,-0.9,-8,866,33.5,190,0.264,0.445,0.315,39.3,25.8,16.6,0.249,0.402,0.292,37
"Priester, Quinn",682990,MIL,SL,Slider,0.2,1,671,27.2,189,0.216,0.42,0.304,35,22.8,17.2,0.198,0.326,0.255,35.1
"Morejon, Adrian",670970,SD,SI,Sinker,2.5,16,616,61.7,188,0.218,0.241,0.247,15.4,18.6,23.2,0.234,0.293,0.266,31.7
"Gusto, Ryan",687473,MIA,FF,4-Seam Fastball,0.3,2,769,43.7,187,0.217,0.385,0.322,27.6,28.3,19.7,0.207,0.371,0.303,48.2
"Williams, Trevor",592866,WSH,FF,4-Seam Fastball,-1.2,-7,617,42.6,186,0.345,0.556,0.41,15,17.2,16.4,0.285,0.441,0.34,46.5
"Hicks, Jordan",663855,BOS,SI,Sinker,-0.4,-3,653,54.5,186,0.297,0.418,0.376,9.1,12.4,18.4,0.277,0.371,0.335,47.8
"Wacha, Michael",608379,KC,FF,4-Seam Fastball,0.2,2,772,29,186,0.275,0.395,0.334,16.9,21,17.9,0.266,0.432,0.335,42.6
"Bibee, Tanner",676440,CLE,FF,4-Seam Fastball,-0.2,-2,812,27.3,185,0.3,0.5,0.374,13.2,12.4,11.4,0.304,0.52,0.378,47.3
"Freeland, Kyle",607536,COL,CU,Curveball,0.8,5,648,26.1,184,0.183,0.237,0.232,37.1,31,20.3,0.197,0.271,0.239,44.2
"Gilbert, Logan",669302,SEA,FF,4-Seam Fastball,1.3,10,779,36.1,183,0.227,0.374,0.305,20.7,15.8,18.5,0.247,0.401,0.317,49.3
"Ray, Robbie",592662,SF,SL,Slider,0.6,4,692,22.5,182,0.206,0.382,0.281,29.1,24.2,19.1,0.214,0.353,0.269,51.2
"Gore, MacKenzie",669022,WSH,CU,Curveball,0.1,1,675,24,181,0.217,0.312,0.287,35.7,38.1,22.5,0.211,0.354,0.297,45.6
"Verlander, Justin",434378,SF,SL,Slider,-0.6,-4,607,23.3,181,0.266,0.432,0.331,31.7,28.2,19,0.221,0.35,0.271,36.1
"Eovaldi, Nathan",543135,TEX,FS,Split-Finger,1.8,11,601,31.4,180,0.196,0.298,0.241,36.1,31.1,26.7,0.222,0.33,0.264,40.7
"Fedde, Erick",607200,MIL,FC,Cutter,-1.3,-9,664,28,180,0.315,0.57,0.4,20.8,14.4,14.9,0.27,0.485,0.344,42.3
"Paddack, Chris",663978,DET,CH,Changeup,-1.3,-8,602,23.5,180,0.263,0.491,0.346,25.4,16.7,13.7,0.264,0.469,0.341,46.8
"Johnson, Pierce",572955,ATL,CU,Curveball,0.3,2,698,72.1,179,0.238,0.417,0.293,27.4,24,19.3,0.233,0.407,0.291,46.1
"Bubic, Kris",663460,KC,FF,4-Seam Fastball,0.7,5,684,38.1,178,0.241,0.37,0.312,27.2,25.3,24.1,0.225,0.345,0.285,35.9
"Mize, Casey",663554,DET,FS,Split-Finger,-1.9,-11,569,24.2,178,0.297,0.494,0.371,33.2,28.7,22,0.25,0.409,0.295,41.3
"Vasil, Mike",678024,CWS,SI,Sinker,1.1,7,657,39.9,177,0.238,0.344,0.326,14.6,12.4,19.6,0.248,0.375,0.331,34.9
"Sugano, Tomoyuki",608372,BAL,FS,Split-Finger,0.3,2,602,23.5,177,0.218,0.324,0.258,28.4,28.2,21.7,0.252,0.399,0.295,27.5
"Flaherty, Jack",656427,DET,CU,Curveball,-0.3,-2,718,25.4,177,0.205,0.38,0.281,42.3,40.7,24.2,0.18,0.298,0.235,35.1
"Crochet, Garrett",676979,BOS,ST,Sweeper,3,15,502,15.9,177,0.126,0.207,0.152,40.8,50.3,29.7,0.134,0.196,0.151,25.9
"Estrada, Jeremiah",669093,SD,FF,4-Seam Fastball,0.3,2,702,56.8,177,0.248,0.438,0.337,29.1,31.1,23.9,0.211,0.383,0.301,44.7
"Severino, Luis",622663,ATH,ST,Sweeper,0,0,678,24.8,176,0.186,0.321,0.271,22.6,27.8,18.1,0.208,0.348,0.289,35.8
"Jansen, Kenley",445276,LAA,FC,Cutter,1.8,13,707,81.4,176,0.164,0.302,0.255,25.2,21,22.3,0.219,0.441,0.314,46.8
"Hanifee, Brenan",669724,DET,SI,Sinker,-0.1,-1,598,63.2,175,0.276,0.417,0.355,10.9,11.4,16.9,0.278,0.423,0.324,45.1
"Mejia, Juan",675848,COL,FF,4-Seam Fastball,0.6,5,722,67.2,175,0.219,0.322,0.315,28.6,22.9,20.1,0.188,0.263,0.276,32.4
"Povich, Cade",700249,BAL,FF,4-Seam Fastball,0.2,2,713,36.2,175,0.261,0.438,0.347,19.3,22.9,22.3,0.289,0.579,0.408,52.2
"Rasmussen, Drew",656876,TB,FC,Cutter,1.9,14,729,31.5,174,0.174,0.317,0.239,26.8,19,14.9,0.223,0.347,0.271,42.3
"King, Bryan",687911,HOU,FF,4-Seam Fastball,0.4,3,655,62.6,174,0.23,0.4,0.303,24.1,25.3,22,0.23,0.384,0.285,34.4
"Brown, Hunter",686613,HOU,SI,Sinker,0.9,6,656,22.1,174,0.265,0.377,0.335,18.7,12.6,19,0.254,0.331,0.309,20.6
"Francis, Bowden",670102,TOR,FF,4-Seam Fastball,-0.6,-4,639,56,174,0.282,0.5,0.364,15.1,14.4,14,0.28,0.457,0.351,54.5
"Senga, Kodai",673540,NYM,FS,Split-Finger,1.5,8,542,28.5,173,0.13,0.188,0.211,41.8,41,24.9,0.142,0.206,0.211,21.7
"Matz, Steven",571927,BOS,SI,Sinker,1.2,8,677,58.4,173,0.264,0.393,0.312,16.4,19.1,18,0.247,0.389,0.295,44.3
"Taillon, Jameson",592791,CHC,FF,4-Seam Fastball,0.3,2,762,38.5,173,0.225,0.469,0.32,17.5,16.2,12.7,0.277,0.507,0.36,52.2
"Cantillo, Joey",676282,CLE,FF,4-Seam Fastball,-0.5,-3,687,42,173,0.238,0.463,0.367,14.9,20.2,21.9,0.278,0.506,0.388,57.1
"Alcantara, Sandy",645261,MIA,CH,Changeup,0.1,1,670,23.2,173,0.223,0.318,0.279,28,19.1,14.9,0.228,0.311,0.276,29.6
"Hancock, Emerson",676106,SEA,SI,Sinker,-0.2,-1,557,39.1,172,0.295,0.436,0.369,9.8,7.6,13.3,0.315,0.452,0.378,47.4
"Severino, Luis",622663,ATH,FF,4-Seam Fastball,-0.1,-1,755,27.6,172,0.275,0.425,0.323,22.6,23.3,16.5,0.287,0.469,0.345,55.3
"Martin, Davis",663436,CWS,CH,Changeup,0.1,0,559,24.2,172,0.23,0.321,0.29,18.2,15.7,14.3,0.313,0.422,0.333,53.6
"Gordon, Tanner",685299,COL,FF,4-Seam Fastball,-0.9,-6,657,52.8,171,0.297,0.516,0.386,14.1,22.2,20.4,0.296,0.537,0.381,52.5
"Flaherty, Jack",656427,DET,SL,Slider,0.1,1,669,23.6,170,0.23,0.349,0.306,29.5,24.7,19.7,0.235,0.368,0.303,45
"Gilbert, Logan",669302,SEA,SL,Slider,-0.2,-1,760,35.3,170,0.255,0.51,0.354,34.5,22.9,19.8,0.253,0.482,0.339,37
"Lodolo, Nick",666157,CIN,CU,Curveball,0.2,1,711,28.7,170,0.195,0.325,0.262,40.3,38.2,22.3,0.138,0.25,0.21,33
"Junk, Janson",676083,MIA,FF,4-Seam Fastball,0.1,1,611,37.7,170,0.28,0.452,0.334,14.6,17.6,14.7,0.275,0.437,0.324,53.4
"Latz, Jacob",656641,TEX,FF,4-Seam Fastball,1.6,11,685,49.4,169,0.193,0.327,0.272,23.8,21.9,16.1,0.249,0.429,0.331,52.6
"Peterson, David",656849,NYM,SL,Slider,0.1,0,516,19.1,169,0.228,0.37,0.284,38,40.2,28.7,0.229,0.382,0.278,51.1
"Weaver, Luke",596133,NYY,FF,4-Seam Fastball,0.5,3,621,59.2,169,0.219,0.424,0.312,24.5,26,23.9,0.204,0.376,0.287,45.5
"Roupp, Landen",694738,SF,CU,Curveball,0.1,1,660,35.7,168,0.197,0.354,0.291,35.8,29.2,23.7,0.187,0.316,0.271,19.8
"Corbin, Patrick",571578,TEX,FC,Cutter,0.9,6,652,25.2,168,0.257,0.439,0.343,23.3,15.5,18.8,0.265,0.416,0.342,36.6
"Pagán, Emilio",641941,CIN,FF,4-Seam Fastball,1.3,9,654,61.2,167,0.171,0.336,0.272,24.6,25.7,21.1,0.172,0.362,0.281,43.8
"Márquez, Germán",608566,COL,CU,Curveball,-1,-6,656,31.5,166,0.21,0.427,0.323,36.7,33.7,20.4,0.221,0.388,0.283,44.6
"Liberatore, Matthew",669461,STL,SL,Slider,0.4,2,503,21.1,166,0.252,0.348,0.289,32,30.7,22.2,0.25,0.391,0.3,36.8
"Cabrera, Edward",665795,MIA,CH,Changeup,0.8,5,580,25.8,166,0.203,0.266,0.249,27.3,28.9,23,0.24,0.31,0.265,44.5
"Spence, Mitch",687765,ATH,FC,Cutter,-0.8,-5,612,45.2,166,0.318,0.534,0.416,19.7,12,15.2,0.309,0.529,0.39,48.5
"Warren, Will",701542,NYY,SI,Sinker,0.9,5,588,21,166,0.263,0.368,0.323,13.6,19.3,29.6,0.267,0.391,0.316,52.9
"Gray, Sonny",543243,STL,SI,Sinker,0.1,1,473,17.4,166,0.281,0.484,0.359,14.5,27.1,29,0.242,0.396,0.303,43.1
"Keller, Mitch",656605,PIT,ST,Sweeper,0.6,3,548,19.1,165,0.219,0.369,0.27,27,29.7,20.2,0.217,0.407,0.277,45.9
"Berríos, José",621244,TOR,SV,Slurve,-0.8,-5,671,26,165,0.232,0.411,0.323,33.3,27.3,20.3,0.242,0.404,0.312,34.9
"Okert, Steven",595345,HOU,SL,Slider,2.4,14,608,57.8,165,0.147,0.263,0.188,40.7,38.8,30.9,0.159,0.276,0.201,29.2
"Harris, Hogan",663687,ATH,FF,4-Seam Fastball,-0.2,-1,638,56.7,165,0.277,0.394,0.355,22.4,23,18.4,0.271,0.387,0.346,39.2
"Kremer, Dean",665152,BAL,FF,4-Seam Fastball,-0.3,-2,724,26.9,164,0.276,0.483,0.36,16.2,14.6,11.9,0.268,0.474,0.353,51.2
"Ashcraft, Graham",668933,CIN,FC,Cutter,-1.3,-8,562,54.1,164,0.328,0.438,0.401,18.2,10.4,15.3,0.312,0.436,0.378,34.7
"Walker, Ryan",676254,SF,SI,Sinker,0.8,5,636,62.5,164,0.282,0.349,0.317,17.1,22.6,21.6,0.27,0.352,0.307,40.7
"Allen, Logan",671106,CLE,ST,Sweeper,-1,-6,631,23.3,163,0.21,0.371,0.309,26.8,28.8,20,0.182,0.341,0.275,31.6
"Lodolo, Nick",666157,CIN,FF,4-Seam Fastball,-1.3,-10,722,29.1,163,0.248,0.516,0.338,23.1,28.8,20.3,0.235,0.452,0.303,45
"Mlodzinski, Carmen",669387,PIT,FF,4-Seam Fastball,0.1,0,602,36.6,163,0.246,0.413,0.341,17.7,17.8,16,0.241,0.396,0.333,44.1
"Soroka, Michael",647336,CHC,FF,4-Seam Fastball,-0.4,-3,690,45.2,162,0.273,0.524,0.385,20.4,20.4,18,0.249,0.442,0.342,47.3
"Abreu, Bryan",650556,HOU,SL,Slider,1.8,10,576,48.4,162,0.193,0.29,0.276,46.1,37.7,34.1,0.213,0.327,0.277,42.4
"Gordon, Colton",676467,HOU,FF,4-Seam Fastball,-1.7,-10,606,41.8,161,0.297,0.648,0.41,16,19.9,17.6,0.299,0.556,0.382,48.7
"Mikolas, Miles",571945,STL,FF,4-Seam Fastball,-0.8,-6,700,28.2,161,0.307,0.627,0.413,17.9,12.4,10.1,0.286,0.633,0.407,50.8
"Pivetta, Nick",601713,SD,CU,Curveball,0.8,5,638,22.4,161,0.216,0.353,0.275,16.2,21.1,16.4,0.284,0.494,0.346,43.3
"Schlittler, Cam",693645,NYY,FF,4-Seam Fastball,1.3,9,686,54.7,160,0.178,0.281,0.278,27.8,31.3,22.5,0.21,0.355,0.313,47.1
"Scherzer, Max",453286,TOR,FF,4-Seam Fastball,0.5,4,674,48.5,160,0.248,0.49,0.343,18.9,19.4,20.4,0.251,0.538,0.361,42.6
"Kremer, Dean",665152,BAL,FS,Split-Finger,0.8,4,566,21,159,0.201,0.305,0.234,39.4,32.1,20.6,0.181,0.272,0.21,23.3
"Martinez, Nick",607259,CIN,FC,Cutter,0.4,2,546,21.2,159,0.261,0.47,0.359,19.2,13.2,18.9,0.296,0.462,0.372,34.2
"Kirby, George",669923,SEA,SI,Sinker,-0.7,-4,556,26.7,158,0.309,0.518,0.388,11.2,17.1,21.8,0.292,0.457,0.358,43.5
"Hurter, Brant",676428,DET,SI,Sinker,0.6,3,553,52.6,158,0.279,0.357,0.359,13.8,13.9,19.5,0.272,0.393,0.354,42.7
"Rasmussen, Drew",656876,TB,SI,Sinker,0.8,4,527,22.8,158,0.226,0.315,0.288,13.2,19.6,17.7,0.257,0.365,0.301,40
"Manaea, Sean",640455,NYM,FF,4-Seam Fastball,0.5,3,658,60.1,158,0.264,0.446,0.332,23.3,27.2,18.9,0.247,0.408,0.304,43.4
"Burrows, Mike",681347,PIT,FF,4-Seam Fastball,-1,-6,603,39.2,158,0.326,0.529,0.391,16.8,12.7,15.5,0.302,0.529,0.388,49.2
"Martin, Davis",663436,CWS,FF,4-Seam Fastball,0.2,1,755,32.7,157,0.228,0.397,0.321,21.5,21.7,14.9,0.237,0.435,0.332,41.3
"Suarez, Robert",663158,SD,FF,4-Seam Fastball,2.1,14,650,60.4,157,0.169,0.261,0.227,24,30.6,23,0.228,0.415,0.309,49
"Pomeranz, Drew",519141,CHC,FF,4-Seam Fastball,1.6,10,614,76.8,157,0.207,0.286,0.266,24.1,24.8,22.5,0.236,0.379,0.308,42.7
"Allen, Logan",671106,CLE,CH,Changeup,-1.1,-6,498,18.4,156,0.283,0.408,0.313,18.2,13.5,10.7,0.274,0.426,0.308,37.1
"Williams, Gavin",668909,CLE,CU,Curveball,0.9,6,644,22,156,0.116,0.181,0.201,34.4,37.2,18.9,0.171,0.249,0.236,33.3
"Doval, Camilo",666808,NYY,SL,Slider,1,5,529,48,156,0.2,0.279,0.264,41.1,37.8,28.2,0.194,0.271,0.251,35.8
"Luzardo, Jesús",666200,PHI,CH,Changeup,1.2,6,521,17.3,155,0.224,0.315,0.278,36.2,20.6,19,0.242,0.342,0.287,27
"Pfaadt, Brandon",694297,AZ,FF,4-Seam Fastball,-0.3,-2,683,23.4,155,0.263,0.453,0.339,20.6,19.4,14.5,0.322,0.652,0.43,54.5
"Mikolas, Miles",571945,STL,SL,Slider,-0.2,-1,580,23.4,155,0.25,0.472,0.329,17.8,11,13.9,0.29,0.519,0.363,38.5
"Rodón, Carlos",607074,NYY,CH,Changeup,1.2,6,519,16.2,155,0.197,0.286,0.233,35,22.6,18.1,0.225,0.325,0.258,36.8
"Littell, Zack",641793,CIN,FF,4-Seam Fastball,0.4,3,663,23.8,155,0.201,0.438,0.29,22.5,27.1,21.4,0.224,0.455,0.312,47.6
"Abbott, Andrew",671096,CIN,CH,Changeup,0.7,3,526,19.6,154,0.215,0.349,0.274,25.2,16.9,16.1,0.261,0.429,0.309,22.8
"Kirby, George",669923,SEA,FF,4-Seam Fastball,1.2,7,604,29,154,0.188,0.319,0.267,30.7,33.1,23.4,0.218,0.363,0.295,41.4
"Miller, Bryce",682243,SEA,FF,4-Seam Fastball,-1.2,-8,631,40.9,154,0.237,0.556,0.368,23,18.2,15.7,0.252,0.507,0.36,45.5
"Lodolo, Nick",666157,CIN,CH,Changeup,1.3,7,539,21.8,154,0.201,0.326,0.269,27.5,12.3,15.8,0.26,0.405,0.307,33.1
"Gray, Sonny",543243,STL,FF,4-Seam Fastball,-0.6,-4,606,22.3,154,0.37,0.585,0.442,19.1,4.5,10.8,0.361,0.571,0.434,41.1
"Dreyer, Jack",676263,LAD,SL,Slider,1.9,10,529,46.2,154,0.193,0.269,0.224,30.1,27.9,22.4,0.189,0.276,0.221,39
"Skubal, Tarik",669373,DET,SI,Sinker,1.4,9,675,23.7,154,0.284,0.453,0.329,18.4,20.1,28.2,0.268,0.427,0.311,37.3
"Rogers, Trevor",669432,BAL,FF,4-Seam Fastball,2.4,16,662,40.7,153,0.158,0.252,0.222,24.2,29.4,23.4,0.198,0.359,0.272,47.9
"Burke, Sean",680732,CWS,SL,Slider,-1.3,-7,520,21.9,153,0.264,0.543,0.381,26.4,14.4,16.3,0.29,0.55,0.376,43.3
"Civale, Aaron",650644,CHC,FC,Cutter,-0.3,-2,611,35,153,0.252,0.467,0.358,24.9,21.6,18.9,0.244,0.435,0.333,40.8
"Lodolo, Nick",666157,CIN,SI,Sinker,1.3,7,506,20.4,153,0.294,0.375,0.335,15.3,15.7,17.4,0.292,0.418,0.347,50.4
"Lopez, Jacob",682052,ATH,SL,Slider,1.1,6,509,30.6,153,0.201,0.324,0.272,32.7,30.7,21.8,0.193,0.295,0.252,28
"Uribe, Abner",682842,MIL,SI,Sinker,1.7,10,592,50.9,153,0.244,0.281,0.291,20.2,15,21.5,0.268,0.357,0.316,42.1
"Giolito, Lucas",608337,BOS,SL,Slider,0.2,1,606,25.6,152,0.234,0.333,0.276,32.1,25.7,20.2,0.25,0.405,0.305,35.6
"Leasure, Jordan",673929,CWS,FF,4-Seam Fastball,-1.1,-6,605,53.5,152,0.227,0.485,0.352,25.6,29.6,22.2,0.205,0.398,0.309,45.5
"Fedde, Erick",607200,MIL,ST,Sweeper,-0.4,-2,615,26,150,0.191,0.344,0.288,26,18.7,13.2,0.224,0.406,0.317,36.2
"Morton, Charlie",450203,ATL,FF,4-Seam Fastball,-1.9,-14,704,27.6,150,0.266,0.532,0.388,21.3,22,13.6,0.224,0.43,0.338,48.9
"Leiter, Jack",683004,TEX,SL,Slider,0.2,1,603,23.3,150,0.239,0.399,0.313,26.3,17.3,15.1,0.226,0.392,0.297,35.7
"Stanek, Ryne",592773,NYM,FF,4-Seam Fastball,0.3,2,607,57.1,150,0.268,0.394,0.351,24.4,21.3,16.6,0.263,0.447,0.359,44.8
"Peralta, Freddy",642547,MIL,CH,Changeup,1.3,9,655,21.2,150,0.173,0.271,0.25,35.2,25.3,20.9,0.196,0.309,0.272,32.3
"Wilson, Steven",621051,CWS,ST,Sweeper,0.9,5,568,58.3,149,0.215,0.338,0.28,26.6,17.4,16.6,0.237,0.384,0.305,27.3
"Martin, Davis",663436,CWS,FC,Cutter,-0.8,-4,534,23.1,149,0.218,0.459,0.338,30.2,22.1,21,0.22,0.442,0.321,31.7
"Vásquez, Randy",681190,SD,FC,Cutter,-1,-5,536,25,149,0.268,0.447,0.365,17.7,11.4,13.1,0.263,0.468,0.37,29.6
"Palencia, Daniel",694037,CHC,FF,4-Seam Fastball,0.9,5,595,70.7,148,0.216,0.366,0.293,22.9,25.7,21.8,0.235,0.392,0.304,55.7
"Alcantara, Sandy",645261,MIA,FF,4-Seam Fastball,-1,-5,507,17.5,148,0.233,0.457,0.339,17.4,29.7,16.1,0.229,0.423,0.328,60.9
"Koenig, Jared",657649,MIL,SI,Sinker,1.5,9,590,56.6,147,0.206,0.298,0.269,19.3,26.5,21.9,0.19,0.301,0.256,37.2
"Fried, Max",608331,NYY,SI,Sinker,0.7,4,551,17.7,147,0.254,0.373,0.34,24.8,17.7,23.9,0.232,0.333,0.285,50
"Kremer, Dean",665152,BAL,FC,Cutter,0.1,1,543,20.2,147,0.219,0.394,0.296,24.2,19.7,19,0.219,0.381,0.286,30.6
"Mikolas, Miles",571945,STL,SI,Sinker,-1,-4,408,16.5,147,0.276,0.455,0.355,10.6,18.4,18.5,0.273,0.455,0.341,42.6
"Díaz, Edwin",621242,NYM,SL,Slider,1.7,9,505,47.3,147,0.179,0.269,0.244,44,40.1,32.2,0.157,0.227,0.212,34.7
"Mahle, Tyler",641816,TEX,FF,4-Seam Fastball,0.5,3,684,49.5,146,0.211,0.344,0.295,23.5,23.3,14.7,0.251,0.444,0.344,48.9
"Bibee, Tanner",676440,CLE,SI,Sinker,-0.4,-2,465,15.7,146,0.286,0.414,0.347,10.6,19.2,21.9,0.21,0.304,0.265,35.2
"Martinez, Nick",607259,CIN,FF,4-Seam Fastball,-0.9,-5,535,20.8,146,0.306,0.522,0.365,11.4,15.1,12.5,0.295,0.49,0.353,46.6
"Alexander, Jason",669920,HOU,SI,Sinker,-0.1,-1,501,40,146,0.336,0.458,0.413,5.3,3.4,9.1,0.351,0.486,0.396,51.6
"Soriano, José",667755,LAA,CU,Curveball,0.1,1,741,26.6,146,0.182,0.333,0.28,43.2,37.7,27,0.171,0.294,0.242,25.6
"Estévez, Carlos",608032,KC,FF,4-Seam Fastball,1.2,7,558,53.5,146,0.202,0.364,0.289,19.2,24.7,18.9,0.225,0.438,0.324,44.7
"Cameron, Noah",702070,KC,FF,4-Seam Fastball,-0.3,-2,571,26.4,145,0.233,0.473,0.353,12.6,9,9.8,0.288,0.544,0.39,44.8
"Chivilli, Angel",683409,COL,FF,4-Seam Fastball,-3.1,-15,469,45.9,145,0.366,0.585,0.459,11,6.2,9.7,0.34,0.549,0.428,57
"Greene, Hunter",668881,CIN,SL,Slider,0.7,5,611,35,145,0.156,0.37,0.256,46.9,37.2,23.4,0.177,0.341,0.257,33.3
"Senga, Kodai",673540,NYM,FF,4-Seam Fastball,-0.9,-5,599,31.5,145,0.279,0.543,0.391,19.9,20.7,19.9,0.267,0.475,0.357,55.6
"Pfaadt, Brandon",694297,AZ,ST,Sweeper,-1.7,-9,544,18.6,145,0.284,0.537,0.37,33.2,28.3,18.6,0.253,0.452,0.323,35.8
"Rodriguez, Eduardo",593958,AZ,CH,Changeup,-1.9,-10,529,20.4,145,0.306,0.485,0.364,28.7,14.5,16.3,0.277,0.396,0.316,22.6
"Parker, Mitchell",680730,WSH,CU,Curveball,-1.4,-9,594,22,144,0.296,0.504,0.365,29,19.4,16.2,0.315,0.491,0.362,48.1
"Schwellenbach, Spencer",680885,ATL,FF,4-Seam Fastball,1.8,10,556,35.3,144,0.217,0.341,0.261,27.1,23.6,21.4,0.283,0.456,0.328,56.2
"Sterner, Justin",686993,ATH,FF,4-Seam Fastball,1,6,570,52.2,144,0.171,0.35,0.292,24.7,21.5,16.6,0.201,0.406,0.312,42.6
"Lee, Dylan",669276,ATL,SL,Slider,1.7,10,612,55.5,143,0.164,0.358,0.252,41.9,32.2,22.9,0.178,0.326,0.241,30.3
"Suárez, Ranger",624133,PHI,CH,Changeup,1.2,6,464,19.1,143,0.203,0.268,0.23,33,25.2,18.1,0.209,0.313,0.241,22.5
"Berríos, José",621244,TOR,CH,Changeup,0,0,434,16.8,142,0.22,0.409,0.304,34.8,28.9,23.8,0.212,0.389,0.285,31.9
"Little, Brendon",663893,TOR,CU,Curveball,1.3,7,570,46,141,0.145,0.185,0.211,55.6,53.2,27.2,0.127,0.192,0.208,48.1
"Giolito, Lucas",608337,BOS,CH,Changeup,0,0,534,22.6,141,0.194,0.411,0.293,26.7,22.7,19.3,0.22,0.421,0.306,29.6
"Gilbert, Logan",669302,SEA,FS,Split-Finger,0.8,3,423,19.6,141,0.119,0.2,0.172,50.4,63.8,27.6,0.099,0.159,0.141,26.7
"Williams, Devin",642207,NYY,CH,Changeup,1.3,7,584,52.4,141,0.194,0.341,0.273,37.3,31.2,21.4,0.212,0.351,0.281,29.9
"Kelly, Merrill",518876,TEX,FF,4-Seam Fastball,0.4,3,648,22.9,141,0.212,0.485,0.316,24.3,24.1,19,0.233,0.487,0.328,53.1
"Gallen, Zac",668678,AZ,CH,Changeup,0.9,5,501,16,140,0.202,0.282,0.269,30.2,16.4,15.1,0.213,0.317,0.278,30.4
"Brown, Hunter",686613,HOU,CU,Curveball,1.7,9,530,17.9,140,0.15,0.218,0.188,39.2,42.1,28.8,0.205,0.296,0.236,44
"Gaddis, Hunter",683769,CLE,SL,Slider,1.5,9,563,53.7,140,0.225,0.302,0.254,36,31.4,22.4,0.231,0.348,0.285,38.6
"Vest, Will",676684,DET,FF,4-Seam Fastball,0.5,3,596,52.4,140,0.248,0.368,0.308,22.7,28.6,20.3,0.25,0.379,0.314,55.8
"Peralta, Wandy",593974,SD,SI,Sinker,0.6,3,497,43.7,140,0.246,0.339,0.338,17.7,15.7,19.5,0.288,0.421,0.355,43.4
"Blalock, Bradley",687134,COL,FF,4-Seam Fastball,-4.2,-20,480,46.5,140,0.379,0.702,0.481,8.8,6.4,7.3,0.354,0.691,0.466,52.6
"Uceta, Edwin",670955,TB,CH,Changeup,1,5,472,38.9,140,0.216,0.344,0.281,36,31.4,26.2,0.247,0.402,0.318,38.1
"Sugano, Tomoyuki",608372,BAL,ST,Sweeper,-0.4,-2,509,19.8,139,0.289,0.467,0.335,21.9,11.5,10.1,0.263,0.406,0.294,36.7
"Williams, Gavin",668909,CLE,ST,Sweeper,0.9,5,583,19.9,139,0.181,0.283,0.242,44,42.4,25.9,0.183,0.319,0.253,38.6
"Henry, Cole",669371,WSH,FF,4-Seam Fastball,1,5,495,51.2,139,0.189,0.324,0.313,29.1,25.9,22.2,0.181,0.323,0.308,38.2
"Springs, Jeffrey",605488,ATH,SL,Slider,0.8,5,589,20.7,139,0.25,0.468,0.348,21.1,12.2,15.3,0.287,0.473,0.36,45.4
"Junk, Janson",676083,MIA,SL,Slider,1,4,447,27.6,139,0.246,0.369,0.284,22.8,17.3,15.5,0.302,0.478,0.35,39.8
"Soto, Gregory",642397,NYM,SI,Sinker,-0.4,-2,541,52.5,139,0.314,0.39,0.389,16.3,12.9,18.6,0.278,0.398,0.352,41.6
"Walker, Taijuan",592836,PHI,FC,Cutter,0.3,2,620,30.1,139,0.244,0.48,0.355,19.6,15.1,19.8,0.208,0.394,0.303,35.9
"King, John",667463,STL,SI,Sinker,-0.1,0,461,59,138,0.318,0.419,0.365,15.7,9.4,14.1,0.306,0.431,0.343,49.1
"Bassitt, Chris",605135,TOR,FC,Cutter,-0.3,-1,478,16.9,138,0.205,0.417,0.287,29.1,35.5,23.6,0.206,0.394,0.289,31.6
"Clase, Emmanuel",661403,CLE,FC,Cutter,1.1,6,515,69,138,0.266,0.347,0.3,30.1,21.7,22.7,0.244,0.349,0.291,41.8
"Mattson, Isaac",676755,PIT,FF,4-Seam Fastball,1.3,8,610,78.5,138,0.191,0.287,0.267,23.1,25.4,19.1,0.206,0.333,0.288,40
"Glasnow, Tyler",607192,LAD,FF,4-Seam Fastball,0.6,3,524,35.4,137,0.204,0.407,0.337,18.8,17.5,19.7,0.211,0.345,0.318,38.2
"Muñoz, Andrés",662253,SEA,SL,Slider,2.8,15,522,50.4,137,0.109,0.133,0.156,51,43.8,30.8,0.155,0.216,0.193,25.7
"Scott, Tanner",656945,LAD,FF,4-Seam Fastball,-0.8,-4,480,52.7,137,0.244,0.52,0.337,22.6,24.1,20.5,0.254,0.466,0.329,46.9
"Kershaw, Clayton",477132,LAD,FF,4-Seam Fastball,0,0,612,34.6,137,0.264,0.38,0.336,6.6,7.3,11.6,0.281,0.377,0.329,41.1
"Vesia, Alex",681911,LAD,FF,4-Seam Fastball,1.4,8,588,57.5,137,0.169,0.331,0.262,27.7,36.5,23.3,0.171,0.337,0.266,38.9
"Peterson, David",656849,NYM,FF,4-Seam Fastball,-1.1,-7,611,22.6,136,0.308,0.475,0.375,21.3,21.3,14.8,0.327,0.528,0.4,47.3
"Kremer, Dean",665152,BAL,SI,Sinker,0.6,3,512,19,136,0.293,0.415,0.358,9.7,16.2,17.1,0.278,0.427,0.34,37.6
"Holmes, Grant",656550,ATL,FF,4-Seam Fastball,-2.2,-14,639,32.5,136,0.33,0.651,0.466,16.9,16.9,15.5,0.305,0.598,0.439,48.3
"Bergert, Ryan",686701,KC,FF,4-Seam Fastball,0.6,4,558,42.5,135,0.196,0.321,0.303,16.8,20.7,17.6,0.228,0.434,0.352,51.2
"Sheehan, Emmet",686218,LAD,FF,4-Seam Fastball,-0.3,-2,536,46.8,135,0.214,0.436,0.332,26.5,23.7,23.4,0.247,0.469,0.349,52.9
"Ashby, Aaron",676879,MIL,SI,Sinker,1.5,8,523,50.6,135,0.246,0.331,0.308,16.1,15.6,22.8,0.263,0.355,0.313,47
"Birdsong, Hayden",806185,SF,FF,4-Seam Fastball,-0.1,0,527,44.1,135,0.204,0.466,0.362,21.1,17,16.4,0.203,0.422,0.357,44.6
"Kikuchi, Yusei",579328,LAA,CU,Curveball,0.5,2,476,15.4,135,0.23,0.357,0.292,24.2,20.7,19.9,0.205,0.322,0.25,30
"Sears, JP",676664,SD,ST,Sweeper,0.7,5,637,26.9,134,0.218,0.427,0.306,26.1,24.6,19.1,0.204,0.365,0.27,31.5
"De Los Santos, Enyel",660853,HOU,FF,4-Seam Fastball,-0.2,-1,540,48.9,134,0.292,0.483,0.374,25.4,24.6,20.5,0.29,0.492,0.368,50
"Santana, Dennis",642701,PIT,SL,Slider,1.4,7,465,46.4,134,0.159,0.286,0.223,35.7,32.8,23.2,0.176,0.323,0.238,32.5
"Kittredge, Andrew",552640,CHC,SL,Slider,2.8,11,406,52.9,134,0.16,0.272,0.205,40.3,43.3,30.2,0.156,0.249,0.198,42.9
"Dreyer, Jack",676263,LAD,FF,4-Seam Fastball,2.3,12,517,45.1,134,0.197,0.325,0.268,22.6,20.9,21.2,0.213,0.363,0.291,40.9
"Montgomery, Mason",682254,TB,FF,4-Seam Fastball,-1.3,-8,569,66.2,133,0.311,0.466,0.42,31.4,25.6,20.2,0.266,0.415,0.379,46.5
"Montero, Rafael",606160,DET,FS,Split-Finger,0.8,4,510,46.9,133,0.168,0.292,0.274,36.1,26.3,18.9,0.173,0.258,0.263,28.2
"Uribe, Abner",682842,MIL,SL,Slider,1.3,7,536,46,133,0.134,0.202,0.211,46.6,48.1,28.8,0.127,0.17,0.189,18.2
"Littell, Zack",641793,CIN,SI,Sinker,0.4,2,445,16,132,0.261,0.471,0.358,12.4,9.1,12.1,0.283,0.446,0.351,38.3
"Bazardo, Eduard",660825,SEA,SI,Sinker,2.4,12,498,40.7,132,0.158,0.233,0.231,17.9,32.6,28.9,0.18,0.304,0.251,40.3
"Martinez, Nick",607259,CIN,CH,Changeup,-0.3,-2,510,19.8,132,0.192,0.384,0.263,29.6,23.5,15.7,0.191,0.315,0.238,24.2
"Bradley, Taj",671737,MIN,FC,Cutter,0.6,3,518,22.8,132,0.231,0.355,0.285,31.7,18.9,21,0.251,0.433,0.32,37.1
"Kolek, Stephen",663568,KC,SI,Sinker,0.8,3,407,24.1,132,0.267,0.31,0.328,13.1,9.8,15.3,0.274,0.361,0.327,51.5
"Bibee, Tanner",676440,CLE,CH,Changeup,-0.8,-4,450,15.2,132,0.22,0.415,0.301,38.7,35.6,22.3,0.178,0.322,0.25,23
"Rodríguez, Yariel",684320,TOR,SL,Slider,2.3,11,478,41.3,131,0.134,0.252,0.211,37.2,34.4,26.2,0.176,0.301,0.245,27.6
"Eisert, Brandon",685126,CWS,SL,Slider,-1.4,-6,436,35.9,131,0.298,0.512,0.37,28.9,22.1,21.2,0.252,0.441,0.322,38.3
"Fluharty, Mason",689254,TOR,FC,Cutter,1,5,500,58.2,131,0.182,0.282,0.285,27.9,26,22.2,0.216,0.334,0.303,37.2
"Misiorowski, Jacob",694819,MIL,FF,4-Seam Fastball,0.5,3,642,55.2,131,0.193,0.312,0.298,32.5,34.4,23,0.182,0.315,0.294,40.6
"Walker, Taijuan",592836,PHI,FS,Split-Finger,-1.8,-8,463,22.5,130,0.283,0.475,0.355,20.4,13.1,10.9,0.295,0.434,0.338,45.2
"Suter, Brent",608718,CIN,FF,4-Seam Fastball,0.4,2,471,42.2,130,0.271,0.466,0.369,18.3,17.7,15.1,0.259,0.452,0.337,38.5
"Woods Richardson, Simeon",680573,MIN,SL,Slider,0.2,1,510,27.2,130,0.21,0.378,0.283,27.4,26.2,17.6,0.193,0.35,0.265,36
"Patrick, Chad",694477,MIL,SI,Sinker,0.9,4,475,23.6,130,0.226,0.348,0.307,11.7,16.9,17.6,0.241,0.369,0.312,50.5
"Abreu, Bryan",650556,HOU,FF,4-Seam Fastball,0.8,5,594,50,129,0.196,0.259,0.265,36.4,33.3,26.7,0.215,0.339,0.299,49.3
"Bibee, Tanner",676440,CLE,FC,Cutter,0.7,4,620,20.9,129,0.22,0.424,0.323,29.9,16.3,17.2,0.215,0.378,0.291,37.1
"Fairbanks, Pete",664126,TB,FF,4-Seam Fastball,0.7,4,504,51.1,129,0.221,0.319,0.326,21.9,17.8,15.9,0.247,0.341,0.307,48.4
"Warren, Will",701542,NYY,ST,Sweeper,-1.7,-10,578,20.6,129,0.336,0.569,0.421,33,24,19.3,0.295,0.47,0.361,41.4
"Vodnik, Victor",680767,COL,FF,4-Seam Fastball,-0.3,-2,515,56,129,0.283,0.442,0.377,17.1,15.5,14.9,0.275,0.475,0.366,54.8
"Gil, Luis",661563,NYY,FF,4-Seam Fastball,0.3,2,491,50.6,128,0.25,0.393,0.331,18.8,14.1,15.5,0.287,0.461,0.362,49.5
"Martinez, Nick",607259,CIN,SI,Sinker,0.5,2,440,17.1,128,0.248,0.425,0.331,13,14.8,18.1,0.241,0.331,0.285,29.6
"Finnegan, Kyle",640448,DET,FF,4-Seam Fastball,1.1,5,493,58.3,128,0.232,0.384,0.318,15.8,18,17.6,0.247,0.383,0.317,46.7
"Romano, Jordan",605447,PHI,SL,Slider,-0.2,-1,443,63.2,128,0.263,0.483,0.336,29.5,25.8,23.7,0.205,0.377,0.277,37.9
"Castillo, Luis",622491,SEA,SL,Slider,0.1,1,609,20.4,128,0.23,0.336,0.268,36.5,34.4,20.1,0.235,0.358,0.274,41.8
"López, Pablo",641154,MIN,FF,4-Seam Fastball,1.5,8,518,41.2,128,0.274,0.35,0.317,22.3,18.8,17.6,0.306,0.442,0.355,44.1
"Uceta, Edwin",670955,TB,FF,4-Seam Fastball,0.6,3,493,40.6,128,0.155,0.355,0.277,38.7,41.4,30.8,0.15,0.325,0.266,36.2
"Beeks, Jalen",656222,AZ,FF,4-Seam Fastball,0.2,1,480,52.4,128,0.272,0.465,0.364,21.3,16.4,18.6,0.28,0.479,0.365,49.5
"Kerkering, Orion",689147,PHI,ST,Sweeper,-0.4,-2,515,48,128,0.235,0.387,0.305,23.6,21.9,18.3,0.233,0.376,0.283,26.9
"Márquez, Germán",608566,COL,SI,Sinker,-1.2,-5,413,19.8,128,0.35,0.545,0.404,4.3,0,0,0.331,0.505,0.372,49.6
"Cruz, Fernando",518585,NYY,FS,Split-Finger,1.3,6,479,60.5,128,0.178,0.28,0.243,56.6,49.2,35.2,0.152,0.248,0.212,38.2
"Bibee, Tanner",676440,CLE,ST,Sweeper,1,5,470,15.8,127,0.168,0.292,0.264,30.8,26.8,17.2,0.193,0.339,0.276,30
"Baker, Bryan",641329,TB,FF,4-Seam Fastball,0.2,1,520,47.2,127,0.272,0.482,0.364,27.8,30.7,24.5,0.26,0.505,0.358,61.8
"Cantillo, Joey",676282,CLE,CH,Changeup,0.8,4,500,30.5,127,0.165,0.27,0.243,49.4,36.2,28.4,0.169,0.225,0.216,21.4
"Kirby, George",669923,SEA,SL,Slider,1,6,571,27.4,127,0.258,0.35,0.263,31.2,26,18.2,0.238,0.371,0.27,43.5
"Quantrill, Cal",615698,ATL,FC,Cutter,0.5,2,435,21.7,126,0.284,0.56,0.386,21.5,19.8,23.8,0.299,0.584,0.4,51.6
"Little, Brendon",663893,TOR,SI,Sinker,-0.2,-1,565,45.6,126,0.248,0.366,0.397,31.6,9.5,20.3,0.271,0.388,0.367,49.4
"Yamamoto, Yoshinobu",808967,LAD,CU,Curveball,1,5,491,17.6,126,0.195,0.257,0.256,36.7,28.6,25.2,0.218,0.31,0.276,31.2
"Nola, Aaron",605400,PHI,CU,Curveball,-0.6,-3,457,29.1,126,0.274,0.462,0.349,39.1,34.1,25.4,0.242,0.368,0.293,36.5
"Vásquez, Randy",681190,SD,SI,Sinker,2.8,11,412,19.2,126,0.217,0.27,0.257,7.5,8.7,14.1,0.288,0.475,0.358,49
"Cabrera, Edward",665795,MIA,SI,Sinker,-1.2,-6,465,20.6,125,0.373,0.609,0.45,9.6,3.2,7,0.363,0.606,0.448,48.1
"Soroka, Michael",647336,CHC,SV,Slurve,1.3,7,531,34.8,125,0.118,0.245,0.212,38.3,44,28.5,0.132,0.206,0.209,28.6
"Megill, Tylor",656731,NYM,FF,4-Seam Fastball,0.8,4,521,42.2,125,0.226,0.377,0.32,29.6,35.2,27.3,0.223,0.375,0.332,50.8
"Bellozo, Valente",678368,MIA,FC,Cutter,-0.2,-1,463,35,125,0.324,0.505,0.402,17.8,11.2,16.7,0.291,0.507,0.371,46.5
"Miller, Mason",695243,SD,FF,4-Seam Fastball,0.2,1,507,52.2,125,0.163,0.388,0.331,37.5,38.4,27.7,0.172,0.362,0.326,49.1
"Peralta, Freddy",642547,MIL,CU,Curveball,1,5,489,15.8,125,0.183,0.283,0.228,34.5,41.6,22.1,0.161,0.211,0.183,19.1
"Lugo, Seth",607625,KC,CU,Curveball,0.4,2,548,23,124,0.214,0.325,0.259,25.8,29,19.6,0.237,0.358,0.281,44.4
"Valdez, Framber",664285,HOU,CH,Changeup,-0.6,-3,527,18.2,124,0.22,0.407,0.306,29.5,23.4,21.3,0.205,0.343,0.262,44.9
"Zerpa, Angel",672582,KC,SI,Sinker,0.6,3,490,44.6,124,0.305,0.419,0.369,8.9,16.9,14.8,0.239,0.333,0.308,43
"Crochet, Garrett",676979,BOS,SI,Sinker,3,15,498,15.8,124,0.226,0.287,0.267,19.8,15.3,25.7,0.273,0.382,0.314,34.4
"Bivens, Spencer",702352,SF,SI,Sinker,0.1,0,486,37.6,123,0.291,0.4,0.354,7.5,16.3,19.4,0.252,0.376,0.316,37.8
"Alexander, Jason",669920,HOU,CH,Changeup,-0.9,-4,410,32.7,123,0.193,0.456,0.302,41.7,36.6,24.7,0.176,0.337,0.25,35.7
"Svanson, Matt",694335,STL,SI,Sinker,2.4,11,457,47.4,123,0.157,0.25,0.237,19.2,26,21.5,0.214,0.347,0.287,33.3
"Mears, Nick",683232,MIL,FF,4-Seam Fastball,-0.1,0,452,53.5,123,0.269,0.417,0.323,14.6,13.8,11.6,0.319,0.524,0.374,49.5
"Lugo, Seth",607625,KC,FF,4-Seam Fastball,-0.4,-2,504,21.2,123,0.234,0.486,0.359,14.8,14.6,13.6,0.262,0.528,0.378,47.8
"Canning, Griffin",656288,NYM,SL,Slider,-0.3,-1,423,31.5,123,0.277,0.42,0.346,33.5,22,18.4,0.265,0.437,0.337,44.7
"Bido, Osvaldo",674370,ATH,FF,4-Seam Fastball,-1.8,-9,515,37.4,123,0.303,0.545,0.409,22.2,15.4,11.9,0.288,0.567,0.42,51.8
"Detmers, Reid",672282,LAA,FF,4-Seam Fastball,1.5,7,478,44.1,123,0.231,0.324,0.292,31.2,34.1,26.3,0.217,0.334,0.297,41.8
"Kelly, Merrill",518876,TEX,FC,Cutter,1.7,10,582,20.5,122,0.181,0.371,0.262,16.8,23,26.9,0.248,0.492,0.331,45.5
"Walker, Taijuan",592836,PHI,SI,Sinker,0.5,2,417,20.2,122,0.231,0.343,0.307,10.9,18,18.8,0.246,0.368,0.313,38.4
"Lorenzen, Michael",547179,KC,FF,4-Seam Fastball,-1,-5,507,21.9,122,0.27,0.505,0.356,16.5,22.1,18,0.266,0.542,0.372,52.9
"Cabrera, Edward",665795,MIA,CU,Curveball,1.3,7,531,23.6,122,0.142,0.245,0.23,45.2,44.3,26.6,0.127,0.195,0.206,40.7
"Bednar, David",670280,NYY,FF,4-Seam Fastball,0.4,2,451,44,122,0.229,0.413,0.307,22.2,26.2,20.6,0.25,0.483,0.346,51.3
"Burnes, Corbin",669203,AZ,FC,Cutter,0.4,2,554,54.9,121,0.257,0.446,0.367,21.7,14,14.9,0.258,0.393,0.344,43.5
"Casparius, Ben",676508,LAD,ST,Sweeper,0.1,1,406,32.2,121,0.248,0.376,0.287,25.9,26.4,18.2,0.229,0.354,0.262,29.1
"Helsley, Ryan",664854,NYM,FF,4-Seam Fastball,-3.4,-15,445,45.5,121,0.422,0.667,0.506,17.8,14.9,15.5,0.317,0.508,0.405,52.9
"Duran, Jhoan",661395,PHI,FS,Split-Finger,2.9,12,429,40,121,0.237,0.298,0.256,23.2,12.4,19.5,0.234,0.335,0.267,43
"Keller, Mitch",656605,PIT,SI,Sinker,0.8,4,450,15.7,121,0.248,0.385,0.319,12.3,14,18.1,0.247,0.363,0.3,51.6
"Priester, Quinn",682990,MIL,FC,Cutter,-0.3,-2,504,20.4,120,0.28,0.43,0.348,22.2,24.2,18.5,0.243,0.364,0.309,39.7
"Holmes, Clay",605280,NYM,ST,Sweeper,-0.7,-4,527,19.1,120,0.216,0.324,0.298,25.4,25.8,18.5,0.212,0.315,0.263,30
"Ashcraft, Graham",668933,CIN,SL,Slider,1.5,7,477,45.9,120,0.197,0.274,0.228,41.8,39.2,26.6,0.167,0.213,0.174,28.2
"Whitlock, Garrett",676477,BOS,SI,Sinker,1.7,10,556,47.1,120,0.212,0.279,0.28,31.1,29.2,21.1,0.207,0.343,0.29,42.9
"Fried, Max",608331,NYY,CU,Curveball,0.5,3,537,17.3,120,0.19,0.293,0.234,42,40.8,24.7,0.203,0.32,0.234,35.3
"Montero, Keider",672456,DET,FF,4-Seam Fastball,-0.3,-2,453,30.8,120,0.295,0.41,0.356,14.2,17.5,16.8,0.295,0.488,0.38,38.1
"Bazardo, Eduard",660825,SEA,SL,Slider,1.6,8,524,42.8,120,0.177,0.292,0.218,21.4,18.3,13.5,0.227,0.366,0.283,29
"Rogers, Trevor",669432,BAL,CH,Changeup,1.7,7,406,25,120,0.202,0.272,0.235,26.9,16.7,14.8,0.263,0.391,0.298,50.5
"Megill, Trevor",656730,MIL,FF,4-Seam Fastball,0.3,1,456,60.6,120,0.264,0.406,0.332,20.6,25.8,21.4,0.257,0.438,0.335,42.9
"Jax, Griffin",643377,TB,ST,Sweeper,0.9,5,478,43.7,120,0.223,0.295,0.273,46.5,49.2,32.4,0.195,0.294,0.243,39.6
"Varland, Louis",686973,TOR,FF,4-Seam Fastball,0.5,2,473,44.4,119,0.263,0.364,0.335,17.9,21.8,22.6,0.283,0.43,0.361,51.3
"Legumina, Casey",668984,SEA,FF,4-Seam Fastball,0.5,2,485,56.3,119,0.21,0.33,0.297,28.1,29.4,20.6,0.209,0.352,0.305,43.3
"Akin, Keegan",669211,BAL,FF,4-Seam Fastball,-0.9,-5,543,51.3,119,0.323,0.566,0.433,25.2,19.3,13.6,0.305,0.551,0.42,53.9
"Ober, Bailey",641927,MIN,SL,Slider,-1.9,-8,415,17.6,119,0.321,0.606,0.431,21.3,12.6,14.3,0.281,0.5,0.36,43.2
"Ragans, Cole",666142,KC,FF,4-Seam Fastball,0.2,1,534,49.5,118,0.225,0.422,0.317,28.6,33.9,23.1,0.191,0.379,0.288,41.5
"Bachar, Lake",669199,MIA,FF,4-Seam Fastball,0.2,1,425,37.2,118,0.227,0.515,0.37,25.2,23.7,27.7,0.241,0.542,0.387,53.5
"Sugano, Tomoyuki",608372,BAL,FF,4-Seam Fastball,-0.9,-4,489,19.1,117,0.276,0.571,0.399,14.5,20.5,16.3,0.301,0.621,0.421,49.4
"Bello, Brayan",678394,BOS,ST,Sweeper,-0.3,-2,513,19,117,0.202,0.356,0.283,26.6,29.1,17.4,0.256,0.49,0.339,37.8
"Wentz, Joey",666214,ATL,SL,Slider,-0.5,-2,480,26.4,117,0.283,0.443,0.337,29.4,23.9,17.4,0.252,0.43,0.318,45
"Quintana, Jose",500779,MIL,CH,Changeup,-0.4,-2,480,22.1,116,0.274,0.354,0.287,20.3,11.2,10.2,0.284,0.422,0.314,34
"Matthews, Zebby",805673,MIN,FF,4-Seam Fastball,-0.6,-3,532,39.3,116,0.34,0.547,0.398,22.2,24.1,18.8,0.301,0.519,0.375,48.1
"Banda, Anthony",607455,LAD,SL,Slider,0.9,5,524,49.2,116,0.144,0.269,0.225,37.9,31.9,21.1,0.167,0.309,0.248,35.3
"Williams, Devin",642207,NYY,FF,4-Seam Fastball,0.5,2,528,47.4,116,0.204,0.296,0.291,37.7,38.8,28,0.176,0.265,0.269,45.3
"Cameron, Noah",702070,KC,CU,Curveball,2.2,9,418,19.3,115,0.153,0.189,0.177,30.4,37.4,24.6,0.178,0.239,0.199,33.8
"Helsley, Ryan",664854,NYM,SL,Slider,2.5,12,464,47.4,115,0.14,0.206,0.179,41.6,37.4,24.9,0.161,0.228,0.188,26.9
"Burke, Sean",680732,CWS,CU,Curveball,0.5,3,563,23.7,115,0.21,0.343,0.306,27.1,28.7,19.5,0.258,0.428,0.334,45.8
"Quantrill, Cal",615698,ATL,FS,Split-Finger,-1.9,-8,420,21,115,0.268,0.455,0.324,23.9,18.3,11.5,0.274,0.421,0.309,41.8
"Schmidt, Clarke",657376,NYY,FC,Cutter,0.8,4,496,40.5,115,0.245,0.429,0.338,23.8,14.8,14.3,0.225,0.37,0.309,36.1
"Speier, Gabe",642100,SEA,FF,4-Seam Fastball,2.1,9,412,44.7,115,0.164,0.309,0.216,33.3,43.5,28.4,0.181,0.339,0.237,52.5
"Rogers, Taylor",573124,CHC,SI,Sinker,-2.4,-10,438,49,115,0.326,0.537,0.426,10.2,14.8,12.1,0.321,0.568,0.418,53.7
"Sugano, Tomoyuki",608372,BAL,SI,Sinker,0.1,0,408,15.9,115,0.313,0.495,0.387,9.1,9.6,11.5,0.299,0.556,0.401,47.3
"Sousa, Bennett",656986,HOU,SL,Slider,2.1,9,423,58.1,115,0.147,0.275,0.205,49.8,44.3,34.2,0.132,0.251,0.19,39.7
"Rutledge, Jackson",671131,WSH,SI,Sinker,-1.4,-6,423,31.6,114,0.357,0.582,0.431,11,7.9,11.5,0.307,0.498,0.378,59.1
"Sánchez, Cristopher",650911,PHI,SL,Slider,0.1,0,481,16.6,114,0.252,0.477,0.323,33.6,22.8,19.4,0.242,0.447,0.308,32.5
"Bido, Osvaldo",674370,ATH,SL,Slider,-0.6,-3,411,29.8,114,0.252,0.553,0.36,34.1,30.7,22,0.231,0.502,0.336,45.7
"Hader, Josh",623352,HOU,SI,Sinker,0.7,3,459,54.2,114,0.163,0.429,0.298,30.6,29.8,21.8,0.155,0.314,0.259,36.4
"Ortiz, Luis L.",682847,CLE,FF,4-Seam Fastball,-0.3,-1,441,29.4,114,0.242,0.4,0.354,32.3,31.6,25.4,0.229,0.424,0.347,50.8
"Young, Brandon",687064,BAL,FF,4-Seam Fastball,0.4,2,411,43.8,114,0.277,0.396,0.323,18.8,17.5,18.7,0.237,0.388,0.301,42.9
"Keller, Brad",641745,CHC,FF,4-Seam Fastball,1.8,9,474,42.6,114,0.208,0.292,0.294,17.4,21.1,20.5,0.221,0.354,0.317,36.1
"Lorenzen, Michael",547179,KC,SI,Sinker,-0.5,-2,422,18.2,114,0.274,0.519,0.364,10.9,20.2,21.1,0.273,0.441,0.334,43.4
"Webb, Jacob",657097,TEX,FF,4-Seam Fastball,1.7,7,435,44.5,113,0.186,0.289,0.281,22.8,23,19.4,0.204,0.33,0.291,43.1
"Morales, Luis",806960,ATH,FF,4-Seam Fastball,-0.2,-1,430,52.4,113,0.278,0.454,0.362,15.3,16.8,17.8,0.288,0.501,0.382,51.9
"Skenes, Paul",694973,PIT,ST,Sweeper,1.9,9,476,15.9,113,0.15,0.215,0.195,32.9,30.1,20.6,0.169,0.249,0.209,19.2
"Buehler, Walker",621111,PHI,FF,4-Seam Fastball,-1.6,-9,554,25.3,113,0.277,0.553,0.403,15,12.4,10.4,0.304,0.632,0.442,54.3
"Berríos, José",621244,TOR,FF,4-Seam Fastball,-0.7,-3,478,18.5,112,0.305,0.474,0.397,14.9,13.4,11.2,0.262,0.464,0.367,46.3
"Pfaadt, Brandon",694297,AZ,CH,Changeup,-0.4,-2,459,15.7,112,0.278,0.435,0.321,28,12.5,11.7,0.293,0.467,0.339,34
"Bassitt, Chris",605135,TOR,CU,Curveball,1.2,5,460,16.3,112,0.17,0.29,0.244,31.4,25,18.8,0.18,0.257,0.24,17.8
"Williams, Gavin",668909,CLE,FC,Cutter,0.4,2,410,14,112,0.233,0.433,0.381,18.1,6.3,10,0.268,0.431,0.377,49.4
"Cano, Yennier",666974,BAL,SI,Sinker,1.4,6,454,46,112,0.234,0.309,0.307,20.2,15.2,19.8,0.214,0.312,0.29,40
"Alcantara, Sandy",645261,MIA,CU,Curveball,-1.4,-7,521,18,111,0.262,0.514,0.34,24.8,26.1,18,0.259,0.493,0.332,41
"Senzatela, Antonio",622608,COL,SL,Slider,-1.3,-6,446,19.5,111,0.33,0.583,0.393,26,12.6,12.4,0.303,0.547,0.367,38.7
"Lopez, Jacob",682052,ATH,FF,4-Seam Fastball,-0.2,-1,615,36.9,111,0.22,0.44,0.351,28.6,37.8,22.5,0.179,0.382,0.315,34
"Kolek, Stephen",663568,KC,FF,4-Seam Fastball,0.6,3,432,25.6,110,0.2,0.389,0.297,15.4,22.7,16.8,0.248,0.461,0.349,51.4
"Díaz, Edwin",621242,NYM,FF,4-Seam Fastball,1.6,9,561,52.6,110,0.133,0.2,0.224,39.4,35.5,25.3,0.18,0.294,0.282,45.5
"Junis, Jakob",596001,CLE,SL,Slider,0.7,3,459,44.5,110,0.238,0.362,0.273,31.4,28.2,20.3,0.223,0.356,0.264,33.3
"Brash, Matt",666374,SEA,SL,Slider,1,5,498,60.6,110,0.224,0.286,0.272,36,31.8,25.7,0.201,0.275,0.247,22.7
"Miller, Shelby",571946,MIL,FF,4-Seam Fastball,1.9,8,438,62.1,109,0.235,0.296,0.261,26.1,27.5,26.1,0.234,0.358,0.281,45.1
"Burke, Brock",656271,LAA,FF,4-Seam Fastball,0.5,2,431,42.5,109,0.271,0.417,0.331,20.6,22.9,15.7,0.265,0.433,0.335,45.9
"Cameron, Noah",702070,KC,FC,Cutter,-0.8,-4,466,21.5,109,0.283,0.489,0.384,22.7,5.5,10.5,0.301,0.491,0.393,29.9
"Bello, Brayan",678394,BOS,CH,Changeup,-0.3,-1,410,15.2,109,0.219,0.324,0.252,32.8,20.2,17.2,0.281,0.389,0.305,27.7
"Boyd, Matthew",571510,CHC,SL,Slider,-0.1,0,408,14.9,108,0.208,0.292,0.269,34.9,35.2,19.2,0.213,0.263,0.252,30
"Pivetta, Nick",601713,SD,ST,Sweeper,1.7,8,481,16.9,108,0.157,0.225,0.208,37.4,34.3,22.7,0.163,0.255,0.203,24.2
"Alcala, Jorge",660896,STL,FF,4-Seam Fastball,-0.6,-3,486,45.9,108,0.247,0.573,0.391,29.2,22.2,16.4,0.208,0.424,0.33,44.8
"Holmes, Clay",605280,NYM,CH,Changeup,0.5,2,432,15.6,108,0.204,0.233,0.234,29.9,27.8,15.1,0.224,0.316,0.254,30.1
"Domínguez, Seranthony",622554,TOR,FF,4-Seam Fastball,0.4,2,476,43.2,108,0.209,0.349,0.35,26.8,26.9,24.2,0.218,0.344,0.334,38.6
"Vásquez, Randy",681190,SD,FF,4-Seam Fastball,1,4,450,20.9,107,0.253,0.352,0.315,14.8,17.8,14.2,0.257,0.448,0.347,43.2
"Wheeler, Zack",554430,PHI,SI,Sinker,0.3,1,407,17,107,0.245,0.431,0.336,15.9,21.5,22.5,0.221,0.348,0.267,31.6
"Smith, Shane",681343,CWS,CH,Changeup,-0.4,-2,406,16.8,107,0.2,0.337,0.29,31.8,21.5,16.3,0.258,0.394,0.325,50
"Wacha, Michael",608379,KC,FC,Cutter,-0.3,-1,410,15.4,106,0.309,0.532,0.386,17.6,6.6,12.7,0.309,0.538,0.388,41.8
"Povich, Cade",700249,BAL,CU,Curveball,-1.5,-7,430,21.8,106,0.309,0.485,0.394,29,24.5,16.7,0.237,0.399,0.301,37.5
"Okert, Steven",595345,HOU,FF,4-Seam Fastball,1.1,5,433,41.2,106,0.247,0.337,0.313,21,17.9,20.9,0.237,0.388,0.327,37
"Leiter, Jack",683004,TEX,CH,Changeup,-0.6,-3,424,16.4,106,0.186,0.32,0.265,32.2,33,25.9,0.225,0.382,0.297,43.5
"Snell, Blake",605483,LAD,FF,4-Seam Fastball,0.1,0,448,43.6,106,0.309,0.426,0.362,22.1,20.8,20.4,0.288,0.403,0.336,33.8
"Miller, Mason",695243,SD,SL,Slider,3.7,16,443,45.6,105,0.108,0.108,0.114,54.6,52.4,37.4,0.141,0.193,0.16,25.5
"Alexander, Tyler",641302,CWS,FF,4-Seam Fastball,0.1,0,414,26.1,105,0.227,0.392,0.3,20.1,26.7,17.6,0.234,0.455,0.322,50.7
"Peterson, David",656849,NYM,CH,Changeup,0.6,2,414,15.3,105,0.223,0.298,0.294,24.1,12.4,11.4,0.275,0.34,0.312,37
"Leasure, Jordan",673929,CWS,SL,Slider,1.5,7,480,42.5,105,0.147,0.263,0.241,40.8,32.4,27,0.174,0.246,0.231,26.2
"Matsui, Yuki",673513,SD,FF,4-Seam Fastball,-1.1,-5,420,39.5,105,0.235,0.529,0.393,17.9,14.3,15.6,0.235,0.48,0.37,46.5
"Anderson, Tyler",542881,LAA,FC,Cutter,-1.7,-8,479,20.5,105,0.32,0.536,0.379,18.8,8.6,8.4,0.292,0.444,0.33,31.9
"Rogers, Taylor",573124,CHC,ST,Sweeper,1,5,455,50.9,104,0.168,0.337,0.265,33.6,34.6,22.8,0.151,0.229,0.204,31.7
"Garcia, Robert",676395,TEX,FF,4-Seam Fastball,1,5,436,44.9,104,0.227,0.375,0.315,30.3,32.7,23.4,0.2,0.367,0.299,42.1
"Gordon, Colton",676467,HOU,ST,Sweeper,-1.7,-7,437,30.1,104,0.273,0.515,0.344,21.7,26.9,14.4,0.207,0.382,0.274,38.9
"Patrick, Chad",694477,MIL,FF,4-Seam Fastball,0.8,4,440,21.9,104,0.229,0.323,0.284,26.1,35.6,19.3,0.201,0.322,0.261,37.3
"Severino, Luis",622663,ATH,FC,Cutter,0.8,4,477,17.5,104,0.292,0.382,0.352,16.1,2.9,6,0.305,0.443,0.363,30.7
"Lord, Brad",695418,WSH,SL,Slider,-1.8,-8,430,20.2,103,0.255,0.469,0.327,26.7,20.4,14.5,0.265,0.493,0.339,42.9
"Ort, Kaleb",672391,HOU,FF,4-Seam Fastball,0.3,1,428,54.3,103,0.195,0.354,0.322,26.4,21.4,17.3,0.176,0.322,0.303,34.4
"Anderson, Grant",681982,MIL,ST,Sweeper,0.9,4,438,37.8,103,0.177,0.313,0.266,36.7,25.2,21.8,0.212,0.313,0.248,27.8
"Skenes, Paul",694973,PIT,FS,Split-Finger,0,0,409,13.6,103,0.277,0.404,0.346,22.6,12.6,18.1,0.27,0.393,0.322,44.4
"Hoffman, Jeff",656546,TOR,FF,4-Seam Fastball,-1,-4,440,39,103,0.221,0.581,0.388,23.8,25.2,20.6,0.242,0.596,0.404,55.7
"Burns, Chase",695505,CIN,FF,4-Seam Fastball,0.9,4,442,57.9,102,0.25,0.341,0.314,25.2,29.4,21.7,0.246,0.373,0.322,50.8
"Eovaldi, Nathan",543135,TEX,FF,4-Seam Fastball,-0.1,0,432,22.5,102,0.272,0.467,0.339,13.5,17.6,11.9,0.264,0.453,0.335,49.4
"Alvarado, Elvis",665660,ATH,FF,4-Seam Fastball,0.7,3,412,53.9,99,0.173,0.296,0.3,36.9,31.3,25,0.204,0.35,0.32,44
"Gray, Sonny",543243,STL,CU,Curveball,1.1,5,499,18.4,98,0.215,0.366,0.271,33.8,29.6,35.8,0.243,0.42,0.304,45.3
"Mikolas, Miles",571945,STL,CU,Curveball,-1.6,-7,436,17.6,98,0.228,0.435,0.301,22.7,29.6,15.3,0.195,0.35,0.249,30.8
"Scott, Tanner",656945,LAD,SL,Slider,0.5,2,430,47.2,98,0.267,0.372,0.326,37.8,27.6,18.1,0.242,0.335,0.3,35
"Newcomb, Sean",656794,ATH,FF,4-Seam Fastball,1.3,6,463,29.9,98,0.216,0.33,0.288,23.5,30.6,21.4,0.232,0.365,0.297,42.4
"Bello, Brayan",678394,BOS,FF,4-Seam Fastball,-0.3,-1,408,15.1,98,0.271,0.447,0.344,13.7,13.3,9.2,0.203,0.357,0.291,41.9
"Nola, Aaron",605400,PHI,FF,4-Seam Fastball,-0.4,-2,475,30.3,97,0.239,0.534,0.354,13.9,14.4,11.8,0.24,0.503,0.344,45.3
"Alcantara, Sandy",645261,MIA,SL,Slider,0.4,2,456,15.8,97,0.23,0.356,0.285,24.9,22.7,16.2,0.303,0.493,0.365,46.3
"Yates, Kirby",489446,LAD,FF,4-Seam Fastball,0.2,1,440,57.7,96,0.214,0.512,0.344,35.3,30.2,22,0.2,0.443,0.318,41.1
"Rodríguez, Yariel",684320,TOR,FF,4-Seam Fastball,0.3,1,472,40.8,96,0.256,0.372,0.349,18.9,8.3,11.6,0.272,0.431,0.372,40.8
"Bello, Brayan",678394,BOS,FC,Cutter,0.2,1,423,15.7,96,0.23,0.437,0.331,24.6,15.6,19.7,0.263,0.492,0.356,50
"Boyle, Joe",671212,TB,FF,4-Seam Fastball,-0.5,-2,453,48.5,94,0.241,0.43,0.37,26.8,14.9,13.2,0.256,0.499,0.379,49.2
"Leahy, Kyle",681517,STL,FF,4-Seam Fastball,0.9,4,410,30.4,93,0.237,0.388,0.32,21.8,25.8,23.8,0.245,0.435,0.341,52.6
"Quantrill, Cal",615698,ATL,FF,4-Seam Fastball,-2.1,-9,409,20.4,92,0.354,0.598,0.43,19.8,19.6,11.7,0.265,0.496,0.359,36.9
"Pepiot, Ryan",686752,TB,SL,Slider,-1,-5,463,17.2,92,0.27,0.539,0.362,23.5,12,10,0.296,0.548,0.368,38.5
"Suárez, Ranger",624133,PHI,FC,Cutter,0.5,2,422,17.4,92,0.303,0.562,0.377,20.2,14.1,22,0.258,0.438,0.31,27.6
"Doval, Camilo",666808,NYY,FC,Cutter,0.2,1,439,39.8,91,0.236,0.347,0.344,16.5,11,11.8,0.275,0.442,0.379,43.8
"Rodriguez, Eduardo",593958,AZ,FC,Cutter,0.7,3,407,15.7,91,0.268,0.451,0.353,22,16.5,22.7,0.257,0.435,0.332,27.9
"Cannon, Jonathan",686563,CWS,FC,Cutter,-0.3,-1,421,23.5,89,0.26,0.506,0.374,26.4,19.1,26.6,0.276,0.513,0.383,46.7
"Rodríguez, Randy",678495,SF,FF,4-Seam Fastball,1.3,6,448,55.4,88,0.163,0.225,0.222,28.6,34.1,22.4,0.18,0.277,0.241,37.3
"Montero, Rafael",606160,DET,FF,4-Seam Fastball,0.3,1,439,40.3,86,0.229,0.371,0.342,24.5,19.8,12.9,0.252,0.458,0.378,61.1
"Ginn, J.T.",669372,ATH,SL,Slider,-1.2,-5,406,25.8,84,0.25,0.537,0.349,38.3,36.9,23.7,0.201,0.395,0.266,40
"Canning, Griffin",656288,NYM,FF,4-Seam Fastball,-0.3,-2,463,34.5,80,0.246,0.449,0.347,20,27.5,18,0.237,0.497,0.358,54.2
"Milner, Hoby",571948,TEX,ST,Sweeper,0.7,3,406,35.1,75,0.232,0.29,0.276,15.2,17.3,12.5,0.235,0.404,0.292,31
